"BFS_n","t1","t2","t3","t4","t5","t6"
1,730,1536,1363,1186,1324,1174
2,339,795,1145,836,972,811
3,526,662,765,876,805,938
4,1518,923,1465,1919,1967,1009
5,801,703,839,942,1115,942
6,794,907,1416,1363,1010,1865
7,743,544,716,824,841,1630
8,785,1012,1002,1174,1175,1238
9,422,681,880,853,1228,878
10,313,711,766,683,807,833
11,689,1142,1183,1286,1618,1087
12,967,819,1073,1272,1625,1855
13,764,950,990,1123,1183,900
14,577,713,722,803,763,996
22,157,187,352,465,505,463
23,1626,1701,1348,1223,1831,1260
24,937,1110,1092,2402,1513,1291
25,359,509,549,553,512,672
26,652,497,803,854,939,1222
27,308,347,466,491,487,578
28,1104,979,1016,1659,1129,1734
29,313,284,453,442,467,554
31,95,312,493,846,563,544
33,202,389,315,521,497,461
34,90,240,280,331,293,403
35,331,363,514,554,702,558
37,307,420,547,679,602,566
38,740,708,935,1048,1088,984
39,697,893,1272,965,1085,1255
40,279,571,541,531,637,627
41,680,625,957,927,865,997
43,880,725,1031,1082,1264,1167
51,338,570,412,501,625,818
52,756,790,1105,979,953,1065
53,855,920,845,824,1142,1088
54,316,304,462,731,779,797
55,481,632,556,686,625,685
56,1131,1146,1078,1050,1071,1350
57,879,1009,948,1008,804,1234
58,182,394,516,646,585,645
59,409,614,545,436,823,663
60,542,337,364,473,792,770
61,1098,947,1022,1152,1091,1151
62,371,245,332,219,331,754
63,597,869,829,743,873,1031
64,904,1090,1124,1066,1296,1161
65,965,1080,954,1322,1139,1277
66,60,337,712,355,164,399
67,1166,1317,1241,1940,1972,2167
68,789,924,858,918,714,1144
69,415,634,753,613,574,676
70,1105,954,1029,1159,1098,1158
71,1270,1119,1194,1324,1263,1323
72,427,659,501,553,590,825
81,972,1464,1134,1259,1395,1286
82,1037,716,1019,1015,812,1474
83,1030,1296,1171,1175,1193,1260
84,997,1273,1289,1263,1598,1227
85,952,1046,1261,1315,940,1342
86,1373,1195,1168,1622,1356,1304
87,1016,707,801,695,1423,791
88,1073,868,895,1004,804,642
89,657,835,630,766,883,1085
90,1111,1289,1084,1512,1220,1337
91,1926,2022,2134,2046,2116,2112
92,599,831,673,886,1111,953
93,1859,2180,1955,2227,2289,1627
94,747,426,729,725,522,1257
95,1615,1611,1475,1741,1780,1633
96,938,672,1186,923,1052,902
97,956,849,822,889,944,723
98,1981,2077,2414,2349,2392,2135
99,1668,1627,1422,1989,1436,2036
100,624,1087,882,786,1018,909
101,1277,1072,1099,1208,1086,1668
102,290,420,729,859,798,858
111,1100,1165,1217,1349,1908,1264
112,319,346,212,394,334,510
113,198,436,273,351,378,505
114,1484,1636,1820,1735,2044,1688
115,635,589,654,905,801,1041
116,445,485,550,611,676,775
117,603,755,939,854,807,881
118,337,408,452,441,733,498
119,403,686,763,1197,1457,1549
120,1103,1214,984,1315,746,899
121,910,928,872,993,1092,1147
131,918,491,784,1104,977,2968
135,820,530,686,879,2887,1006
136,883,1255,1121,1268,3315,1215
137,788,1088,1144,1173,3223,1646
138,495,601,937,611,748,760
139,401,786,652,2836,845,2964
141,580,965,3015,965,831,912
151,2613,948,1093,2440,1166,1199
152,921,3363,789,3060,3310,862
153,842,982,981,1116,1104,905
154,2164,1019,1991,1191,2070,1264
155,1277,1152,2870,1664,2851,3019
156,1034,806,794,836,897,932
157,411,536,923,626,915,786
158,2435,1074,2541,1199,2132,2454
159,1011,1410,1083,3345,1170,3494
160,71,259,332,362,363,2585
161,1584,1663,801,1350,1757,1509
172,796,925,922,785,961,983
173,1479,1515,1592,1746,1863,1452
176,522,990,839,873,955,735
177,1035,1071,1148,1008,1687,1184
178,1217,1294,1264,1154,1330,1478
180,941,1292,1154,1525,1587,1499
181,2208,2172,2285,2260,2119,2399
182,2000,2045,2351,2122,2213,2092
191,584,585,772,600,631,821
192,572,332,344,435,374,470
193,1161,1174,1329,1330,1207,1094
194,806,629,787,682,1447,1412
195,551,586,504,718,688,1610
196,395,822,515,669,910,685
197,759,772,1031,595,1084,1114
198,548,784,648,644,1274,1346
199,504,389,327,380,619,672
200,224,258,416,374,685,733
211,844,1332,941,1029,937,1151
213,708,570,805,753,1160,1244
214,258,513,1047,833,694,764
215,1130,1218,1355,1551,1484,1485
216,1037,790,887,790,957,1212
218,919,734,831,1224,729,977
219,542,536,1094,847,1311,1194
220,706,1167,1196,869,982,1708
221,585,982,792,840,768,1021
223,574,995,617,900,764,783
224,703,1124,1029,912,1017,1164
225,556,920,653,741,673,1028
226,1479,1473,2031,1612,2062,2018
227,798,596,789,917,957,1057
228,1763,1986,2354,2099,2754,2539
230,782,826,1240,1015,1026,1399
231,1826,2100,2421,1939,2643,2313
241,249,584,404,736,633,595
242,248,247,474,735,632,594
243,516,572,582,586,1101,997
244,567,473,844,1023,863,831
245,949,876,995,914,1082,1094
246,257,351,807,973,647,615
247,1223,756,617,652,690,769
248,592,1161,780,1320,1181,963
249,637,846,947,884,808,770
250,444,531,634,522,1065,1141
251,694,989,964,783,898,1257
261,326,326,606,1000,957,1338
291,382,380,495,506,677,641
292,1256,1143,1383,2270,1438,1402
293,796,683,788,775,789,1270
294,950,950,1063,1248,1789,1397
295,112,168,670,456,468,3099
296,296,729,613,735,1070,647
297,1729,2385,1846,1794,2421,1978
298,795,381,449,548,744,1012
301,365,372,641,596,631,651
302,669,676,945,900,935,1222
303,580,1063,1055,1293,1067,1402
304,791,1036,1043,898,1312,1267
305,684,691,761,915,950,1171
306,368,488,617,360,616,837
307,939,1587,1447,1397,1516,1403
309,663,670,939,894,1683,1790
310,493,1141,693,802,794,935
311,149,797,458,450,591,636
312,734,727,993,1003,958,2065
321,1023,899,882,863,1052,1427
322,2337,3075,3486,3326,3362,3651
323,906,782,765,746,935,1093
324,2082,1922,1958,1941,2161,2095
325,2397,1782,2685,2561,2544,2229
326,2017,2830,3294,2988,2325,2464
329,1841,1717,1700,1681,1870,2235
331,2324,2200,2164,2183,2711,2410
332,2765,2605,2641,2154,2860,2624
333,1560,2251,2715,2083,1997,1885
335,2554,2500,3445,3605,2803,3093
336,1819,2557,3021,2897,2389,2303
337,1915,1886,1762,1669,1846,1745
338,2673,3361,3449,3201,3311,3237
339,2999,3567,3617,3457,3705,3075
340,2428,2268,2304,2287,2507,3147
341,972,848,831,1001,812,1376
342,1728,1568,1604,1587,1807,1757
344,2790,3277,3117,2736,3087,3153
345,1731,1656,1780,1639,1333,1510
351,430,808,629,959,803,1098
352,888,749,817,868,994,1038
353,772,367,967,778,828,822
354,1165,1610,982,1171,1215,962
355,701,725,702,953,1157,889
356,586,569,658,980,1157,454
357,1319,1903,1879,2335,1880,2131
358,816,1066,927,995,1172,1096
359,852,1240,1156,1200,1585,1686
360,972,855,1107,674,803,817
361,694,980,686,1091,1554,1097
362,964,843,825,1070,629,1076
363,701,562,630,851,807,813
371,954,818,812,937,855,908
372,730,861,829,699,671,762
381,264,537,785,606,2085,951
382,606,883,846,1047,823,905
383,608,667,1203,897,1027,1059
385,931,1208,1171,1489,1372,1223
386,735,1101,1012,1063,952,975
387,472,594,891,2020,761,1013
388,606,891,866,879,1459,1168
390,480,899,769,539,1021,931
391,984,1173,1654,1462,1334,1587
392,523,983,858,645,1110,2067
393,508,781,1195,1070,1322,1029
394,633,1281,1075,942,1110,1120
401,509,996,925,1477,1790,1564
402,1606,1107,1855,2243,2232,2296
403,548,1110,1325,1452,1215,1186
404,983,1399,1384,2264,1923,2073
405,448,923,864,1404,1114,1491
406,1935,2133,2211,2559,2515,2501
407,1622,2023,2038,2214,2504,2591
409,772,867,1771,1644,1534,1663
410,1058,1307,1597,1110,1684,1748
411,555,971,1836,956,1728,1495
412,314,715,730,1196,1595,1283
413,949,999,1586,1198,1575,1639
414,1188,1402,1727,1667,1588,2092
415,400,816,1681,801,1340,1282
418,1376,1574,2474,2478,2257,1777
420,388,789,804,1669,1270,1357
421,1006,1481,1672,2355,2049,2113
422,661,1158,2062,1601,1062,1462
423,1134,1383,1771,1174,1760,1824
424,1394,2081,2060,2718,2437,2501
431,478,819,701,599,700,836
432,1239,1580,1462,1360,3356,1461
433,769,1110,992,890,991,1127
434,1024,1365,1247,1145,1246,3572
435,1264,1144,1508,1614,1653,1878
437,1422,1334,1355,1721,1602,1558
438,832,923,1268,957,863,994
441,924,1113,1168,1313,1538,2177
442,1087,1501,1193,2142,1376,1163
443,2830,2927,1492,3003,1681,1736
444,235,576,458,356,457,593
445,1234,1423,2487,1478,2584,2660
446,868,956,889,1255,1092,1136
448,2998,3095,1501,3171,1842,1783
449,1241,760,1116,1250,1197,851
450,135,254,520,416,518,653
491,876,766,983,1275,1178,1172
492,592,567,924,660,795,802
493,858,965,1618,1109,1166,1173
494,335,673,423,500,597,454
495,171,442,780,561,607,704
496,507,754,1016,945,1092,919
497,1367,1278,1342,1275,1385,1435
498,534,641,830,725,1100,1234
499,903,1010,1122,1663,1129,1154
500,647,754,898,943,1213,1407
501,478,1011,749,914,1087,868
502,947,855,922,1015,1126,1245
533,1438,1211,1388,1727,1729,1815
538,917,1405,2309,1318,2201,1886
540,658,1228,1562,1454,1435,1325
541,1805,1067,1638,1369,1844,1911
543,533,1437,1095,1310,1200,1377
544,105,1073,840,730,907,701
546,1217,627,838,1297,1312,1230
551,210,1114,987,877,1054,772
552,1173,683,1656,1995,1349,2083
553,452,1278,899,1229,1296,1119
554,777,1133,1472,1068,1196,1560
556,560,1074,851,1228,1022,1292
557,1491,782,1112,1344,1559,1626
561,3203,10084,3256,3106,10211,11097
562,929,1018,921,1410,1149,1147
563,1426,1479,1329,2296,1557,1555
564,1877,1824,1727,2694,2785,1955
565,2610,2557,10451,10612,2460,10814
566,1174,1121,1024,958,1049,1251
567,844,791,694,1661,922,1752
571,1681,2031,1743,1917,2445,2865
572,157,413,353,768,699,449
573,657,811,1239,1518,1677,1649
574,239,422,990,1382,1269,1400
575,335,426,628,600,1001,1089
576,2651,2565,3247,2367,2511,2395
577,739,670,595,623,793,879
578,1190,1244,1046,1121,1074,1330
579,1606,1492,2020,1318,1256,1776
580,622,498,1080,1761,1359,1490
581,573,598,617,612,987,1016
582,47,339,470,498,730,709
584,1420,1351,1474,1276,1304,1560
585,636,727,929,901,952,1302
586,1588,1534,1390,1674,1418,1465
587,588,460,421,491,691,792
588,1291,1317,903,887,1242,1173
589,1754,1780,1633,1366,1350,1787
590,1070,656,640,995,1044,926
591,1367,1436,1292,1320,1554,1576
592,668,822,1250,1529,2023,1688
593,574,719,636,758,1133,1094
594,533,464,389,417,645,673
602,1889,1679,1983,2027,2316,2303
603,1476,1306,1610,1654,1903,1890
605,2127,2142,2155,2066,2717,2370
606,578,591,1153,1005,956,964
607,1160,1425,1173,1735,1722,1587
608,1454,1341,1824,1837,1645,1689
609,1032,1045,1183,1607,1480,1459
610,439,452,1014,825,866,817
611,273,318,880,691,732,683
612,1308,1323,1336,1605,1898,1659
613,2284,2074,2963,2422,2378,2840
614,1310,1323,1885,1696,1737,1688
615,1574,1589,1602,1665,2164,1925
616,631,928,1045,1058,982,1499
617,1424,1354,1367,1721,1929,1775
619,690,703,1265,1076,1117,1068
620,2018,1835,2033,2046,2139,2183
622,281,294,856,708,659,667
623,283,580,634,678,697,710
626,1229,1519,1533,1577,1995,1899
627,596,984,900,944,1266,1443
628,1767,1782,1680,1795,2357,1984
629,1717,1647,1660,2222,2014,2074
630,412,549,581,625,947,1124
632,536,549,922,1111,1199,963
662,655,742,844,900,1322,2297
663,219,354,410,648,662,519
665,442,449,631,901,1361,1572
666,1315,1504,1649,1220,1292,1322
667,1272,915,1516,1705,1592,1477
668,598,1227,1234,733,1353,1416
669,594,1274,2308,1085,976,1108
670,417,1175,894,1310,1106,774
671,737,707,1553,926,1196,1247
681,288,368,525,496,1055,810
683,965,880,892,946,1103,1415
687,820,1057,900,1028,1587,2692
690,239,413,533,744,1885,854
691,614,851,694,822,1381,2493
692,218,298,455,426,985,740
694,456,693,536,664,1223,978
696,268,491,593,803,623,922
700,438,438,566,553,1157,912
701,553,681,607,1021,1458,1206
703,266,489,505,801,621,920
704,361,624,704,965,832,720
706,535,758,705,900,1199,1080
707,451,674,755,806,986,1105
708,1734,3012,2660,2850,2009,2554
709,1471,1597,3478,3197,3469,1677
711,533,778,707,827,1313,1001
713,313,185,380,516,679,560
715,1975,1817,2536,1631,1759,2195
716,1359,1173,1301,1251,1368,1667
717,540,785,1075,763,865,959
723,388,478,504,872,719,646
724,1146,1260,1311,1526,2488,1679
726,1523,1608,2114,2459,1634,2054
731,390,466,868,726,697,667
732,862,662,778,802,932,720
733,245,652,505,487,476,778
734,1022,952,1152,959,1519,1319
735,1073,1255,1203,1262,1592,1392
736,1580,1472,1236,1587,1737,1602
737,769,899,951,1274,1074,959
738,729,1094,466,512,596,634
739,1022,822,880,938,1163,1229
740,715,588,614,982,1978,1707
741,748,878,1185,985,916,794
742,1473,1273,1390,1520,1498,1505
743,701,430,559,520,530,774
744,348,473,711,626,490,697
745,584,384,500,442,754,791
746,825,695,777,1116,973,837
747,615,732,745,911,757,964
748,786,500,631,928,862,777
749,210,427,651,793,487,450
750,1263,1063,1292,1422,1179,1460
751,1320,1428,1679,1450,1479,1435
754,947,1162,954,1178,1748,1548
755,271,344,307,488,854,475
756,820,1705,1434,693,1778,1815
761,1202,1365,1593,1591,1356,1658
762,971,1134,1125,1362,1360,1427
763,713,876,867,1104,1102,1169
766,2208,2206,1817,1980,1971,2273
767,589,426,580,817,815,882
768,585,532,435,663,661,728
769,116,279,270,507,505,572
770,723,820,964,968,1127,1037
782,2145,2302,3537,4896,4868,2870
783,1372,1555,1896,2489,2387,2123
784,1305,1462,2697,3290,2030,3188
785,802,959,1982,1527,2575,2473
786,702,859,2094,1427,2687,2585
791,2168,2559,2331,2557,2322,2624
792,9334,9207,9490,8561,10220,10381
793,8553,4017,8426,5462,4180,4171
794,4665,3247,5074,3410,4805,5454
841,6025,5096,5111,5869,4772,5742
842,7901,7745,6972,7618,6987,4739
843,3469,3609,3878,3689,4258,4089
852,2348,2705,2803,3009,3609,2825
853,2375,2584,2550,3077,2880,2769
855,1535,1892,2012,2428,2012,2071
861,582,982,1036,1080,1580,1402
863,1547,1560,1690,1493,1542,1856
866,790,756,1163,1352,1440,1204
867,1061,1204,1074,1056,1007,1179
868,226,192,788,599,640,591
869,1460,1193,1159,1860,1755,1914
870,1482,1670,1082,1580,1699,1677
872,470,436,1032,843,884,835
879,1573,1539,1906,2052,1904,1855
880,1830,1897,1863,2532,2948,2230
883,863,876,1006,858,809,1172
884,1119,1519,1281,1247,1573,2345
885,595,561,822,674,625,968
886,1321,1464,1334,1267,1316,1439
888,1193,1593,1647,2136,2160,2137
889,1142,1108,1765,1787,1617,1568
901,2432,2445,3007,2818,2859,2810
902,3020,3035,2959,3048,3610,4007
903,3002,3144,2941,3342,3289,3245
904,1883,1896,2458,2269,2310,2261
905,2682,2571,2781,2880,2919,2875
906,5124,4868,4840,5241,4666,4575
907,2445,2460,2384,2473,3035,2688
908,5004,7085,4275,4290,6489,7131
909,3736,3721,3749,4311,3660,5935
921,430,527,671,675,834,744
922,1061,1158,1306,1485,1498,1302
923,1607,1914,1594,1766,1717,1903
924,2497,3865,3837,3572,2349,2545
925,1491,1184,1171,1343,1294,1466
927,1725,1816,1901,1883,1974,2064
928,877,430,443,729,680,852
929,1574,1665,1788,1861,1951,1732
931,1629,1481,1432,1243,1230,1604
932,2533,2385,2336,2581,2508,2147
934,1956,2029,1742,1833,2119,1900
935,1876,1569,1728,1679,1556,1851
936,1050,1147,1295,1291,1291,1474
938,2831,2758,2921,2544,2635,2702
939,1065,917,868,700,687,1040
940,2172,2024,1975,2147,2220,2310
941,469,566,714,893,906,710
942,626,717,784,958,857,844
943,877,974,1122,1118,1301,1314
944,874,731,726,744,677,849
945,1692,1385,1544,1372,1495,1667
946,2002,1695,1682,1854,1805,1977
947,906,698,886,983,852,1131
948,928,1025,1173,1308,1321,1169
951,2037,2438,2453,2629,2919,3070
952,2667,3068,3126,3952,4112,3259
953,2877,3676,3364,3765,3848,3185
954,2531,3330,3842,3514,3682,3502
955,2358,2556,2484,2832,2774,2788
956,2198,2396,2495,2843,2799,2599
957,2806,3110,3207,3167,3515,3457
958,2969,3293,3221,3511,3370,3569
959,3099,2733,3618,3458,3428,3000
960,3196,3171,3995,3572,4349,4189
971,1009,834,1109,1124,900,1211
972,1142,982,1018,1001,1221,1155
973,1932,1777,2067,1894,1943,2184
975,1420,1520,1379,1396,1245,1535
976,1165,1005,1041,1024,1244,1178
977,1183,1343,1219,1398,1202,1332
979,1563,1663,1556,1490,1539,1522
980,1251,1345,1351,1178,1468,1227
981,645,491,452,514,796,795
982,1706,1562,1806,1633,1923,1682
983,818,1088,895,934,821,887
985,2329,2543,2678,2505,2554,2275
987,1099,1199,1058,1075,924,1214
988,1235,1484,1925,1774,1861,1480
989,2044,2179,1991,2006,2055,2038
990,811,651,687,670,817,883
991,1036,1215,1091,1074,1042,1108
992,694,794,670,621,653,687
993,949,1049,876,942,1166,925
995,722,822,681,698,547,613
1001,1636,1729,3065,3042,2745,2619
1002,1732,1825,3666,3440,3541,3161
1004,3879,5242,5059,4505,4403,5810
1005,2024,2117,3732,3958,3833,4005
1007,2032,2125,3438,3461,3756,3672
1008,2411,2504,4750,4392,4421,4119
1009,527,620,1933,1956,1636,2539
1010,6806,5443,6623,6803,3316,5297
1021,2450,2869,2153,2822,2224,2462
1023,1223,1100,1290,1293,1292,1187
1024,301,436,467,625,470,888
1025,1578,2726,1875,2586,3128,2643
1026,980,730,920,923,817,952
1030,1737,3013,2034,2814,2683,2577
1031,1230,1940,1883,1690,1844,1777
1032,1487,1614,1688,1706,1831,1680
1033,523,593,680,783,597,815
1037,1501,686,1351,1126,1558,1140
1039,923,1890,1739,2199,1220,2135
1040,326,947,481,495,665,1068
1041,2423,2856,3275,2297,2917,2559
1051,1600,1498,1549,1537,1351,1742
1052,739,645,490,780,748,784
1053,760,511,951,666,801,805
1054,987,893,1028,1032,996,1114
1055,597,354,602,370,526,602
1056,788,1614,1387,1199,2502,1815
1057,675,432,762,448,604,680
1058,332,533,537,943,916,855
1059,358,499,844,735,733,674
1061,158,485,457,460,626,475
1062,222,369,1705,1259,1575,1385
1063,1629,1822,1941,1963,2006,1980
1064,489,1127,1370,947,1023,1143
1065,753,526,758,510,815,682
1066,803,950,2127,1986,2286,1840
1067,1156,832,1221,1205,1311,1450
1068,3877,3691,2329,3707,1977,2008
1069,3066,1352,3082,3166,1763,3010
1081,1795,1642,1345,2312,2161,1480
1082,1427,845,1091,1838,1063,1725
1083,1538,1896,1532,1469,2381,1562
1084,239,1560,603,1088,937,1445
1085,1166,702,830,802,1577,1651
1086,1276,1953,1724,1589,2471,1768
1088,480,1447,1296,1756,777,1568
1089,1206,543,915,1775,842,1662
1091,1286,623,1213,922,1960,1771
1093,1336,1039,857,1040,941,884
1094,1203,1339,1567,2154,1759,1858
1095,1106,1246,882,1017,1731,2088
1097,1572,1582,1208,1236,1983,1870
1098,1126,1644,1219,2028,2275,1878
1099,1254,909,545,880,1394,1243
1100,1459,1104,1123,1095,1870,1757
1102,219,1125,1562,583,974,1479
1103,889,820,456,591,1338,1305
1104,1859,1175,1397,1938,2022,1696
1107,836,929,2242,2560,2265,2476
1121,1204,2176,1513,2003,1812,1637
1122,1397,2213,1847,1993,1959,2386
1123,394,1193,1365,702,827,973
1125,175,1035,1252,589,669,815
1127,802,1674,1601,1011,1235,1310
1128,1485,1931,1268,2284,1567,2223
1129,1570,2386,2541,1878,2020,2166
1131,1454,2270,1904,2050,2016,2425
1132,2132,2440,3103,2959,2931,2739
1135,2750,3058,3721,3500,3549,3357
1136,1328,2125,2802,2438,1421,2378
1137,472,1271,1443,780,905,1051
1139,1327,900,961,1107,1073,1230
1140,986,563,620,766,732,873
1142,1694,1267,1328,1474,1440,1597
1143,905,1704,1876,1213,1338,1512
1145,2184,2983,3155,2492,2617,3156
1146,984,1492,829,1783,1128,1417
1147,1235,869,880,1015,981,1122
1150,1665,2464,2636,1973,2098,2244
1151,1476,2275,2447,1784,2083,1909
1201,586,785,1110,1699,1368,1768
1202,982,1006,1833,1829,1450,2795
1203,490,704,1095,1806,1381,1520
1205,1105,1089,1480,2276,1945,2345
1206,362,753,845,1178,1400,1963
1207,623,479,1408,1062,1477,804
1208,289,313,757,1561,1136,1072
1209,362,819,675,1164,1607,1947
1210,1043,1534,1067,1963,2975,1511
1211,1197,2248,1665,2673,2521,2742
1212,1960,1544,2389,1568,3401,2012
1213,632,821,1023,2046,1621,1448
1214,236,549,874,1557,1132,1626
1215,3242,3311,3543,1467,2269,1740
1216,276,621,772,1064,994,2182
1217,635,1112,704,1551,936,968
1218,1936,1952,2327,3123,3192,2752
1219,2240,2256,2631,3427,3496,3056
1220,194,456,638,953,1728,1303
1301,1633,1729,1966,1906,1860,3227
1311,3305,1757,3578,1436,1525,3353
1321,536,869,632,763,809,2037
1322,498,1085,594,979,1931,848
1323,500,394,554,339,413,562
1331,506,1332,1173,1105,917,1394
1341,693,740,1836,644,1715,1904
1342,770,1312,664,796,1759,661
1343,2153,2239,2236,2467,2147,2430
1344,803,697,1371,1792,601,1981
1345,358,352,441,571,546,1109
1346,824,818,1446,1009,984,1306
1347,603,561,478,536,858,1244
1348,1991,1905,1988,1899,1885,2387
1349,974,1329,1074,865,1032,1007
1361,3900,4136,4161,2747,2414,2641
1362,854,919,1129,1303,1586,2733
1363,1384,1507,3085,1739,2941,3524
1364,275,364,596,2348,1909,2621
1365,456,422,658,2689,924,2509
1366,481,550,782,1721,2160,2433
1367,1850,1973,3551,2205,3407,3990
1368,2202,2334,2463,3360,3225,3558
1369,1359,1857,1428,1713,1660,2296
1370,1457,1885,1779,1718,1552,1693
1371,1042,1296,1278,1690,2302,2408
1372,548,782,809,2376,2815,3088
1373,605,796,841,1264,2872,2849
1374,973,1064,1300,1376,3331,2961
1375,2666,2903,2798,2768,2864,3101
1401,139,228,427,371,424,755
1402,2962,2991,3320,2790,2213,2429
1403,287,865,763,1531,952,1714
1404,251,347,501,564,795,627
1405,998,737,1181,1330,1228,1749
1406,535,433,613,622,685,911
1407,408,299,488,503,551,777
1501,526,851,626,654,2430,997
1502,492,419,402,519,862,675
1503,518,618,634,734,961,774
1504,757,1030,2532,2833,1559,805
1505,689,464,564,707,907,720
1506,632,1014,1042,827,776,1273
1507,271,210,388,687,830,762
1508,241,341,357,689,497,457
1509,447,469,829,642,857,585
1510,252,534,313,798,593,796
1511,857,957,973,1073,1300,1434
1630,552,771,706,1017,1185,1049
1631,2801,2920,3362,3226,2998,3246
1632,1910,2029,2471,2335,2107,2355
1701,304,539,642,1642,1589,750
1702,327,483,536,655,1024,784
1703,478,641,631,1157,781,850
1704,987,1619,1497,1550,1433,1073
1705,1021,1074,705,1523,791,1309
1706,1848,1954,2031,1867,2236,2016
1707,1014,630,1131,881,805,1031
1708,309,481,498,606,678,1685
1709,1553,1639,2356,2098,2714,2329
1710,1574,1398,2029,2400,1832,1583
1711,537,774,875,983,1231,1779
2008,729,1550,1930,2427,2189,2513
2011,1144,739,1940,1603,2437,2199
2016,1253,813,1712,2366,1974,2471
2022,2076,1510,2959,3010,1480,2964
2025,501,1322,1702,2199,1961,2285
2027,1589,919,2120,2617,2048,2809
2029,1634,2138,2219,1730,1394,1859
2035,1006,1676,2207,2704,1908,1574
2038,2290,1722,2392,2616,2519,2915
2041,1433,867,1129,3003,2892,2878
2043,532,1224,1733,2230,1992,2316
2044,1804,2426,3005,2372,3175,3331
2045,1887,1321,1480,3105,3156,3143
2050,462,1132,1663,2160,1922,1591
2051,1682,2624,2499,2460,2361,2225
2053,1300,796,2494,1838,1818,918
2054,653,1474,1854,2351,2113,2437
2055,1009,2210,2707,1830,1911,2469
2061,1778,1629,1608,1792,1967,1876
2063,1508,1677,1806,1890,1866,2046
2066,1610,1453,1990,2237,1969,2153
2067,1417,1586,1699,1513,1783,1989
2068,1922,1482,2275,2082,1799,2381
2072,2016,2161,1960,1981,2213,2144
2079,1196,1365,1494,1554,1578,1734
2086,1901,1868,1699,1911,1971,1995
2087,1018,1187,1316,1400,1376,1553
2089,2217,2444,2164,2257,2364,2515
2096,1289,1458,1587,1671,1647,1827
2097,2004,2182,2208,2229,2506,2392
2099,1560,1858,1729,1942,1918,2095
2102,1878,2545,2176,2260,2047,2571
2113,759,1057,928,1141,1117,1294
2114,1542,1857,1296,1612,1552,1688
2115,1706,1809,1266,2002,1526,2165
2117,2056,1824,1993,1810,2066,2537
2121,1161,1301,2122,1381,1781,1570
2122,1190,795,1370,981,1065,1218
2123,1112,794,934,1583,1014,1414
2124,459,868,599,679,1248,1079
2125,381,461,519,457,1028,859
2128,838,1247,978,1627,1058,1458
2129,565,1140,751,835,988,1041
2130,1431,1022,1162,1811,1242,1712
2131,399,974,585,669,822,875
2134,1032,1172,1252,1441,1821,1652
2135,662,802,882,1071,1451,1282
2137,701,1177,1276,887,971,1124
2138,2327,2736,3116,2467,2547,3017
2140,436,1011,622,706,859,912
2143,445,868,1020,715,631,851
2145,148,307,387,576,956,787
2147,1279,1269,1594,1289,960,1373
2148,87,662,273,357,510,493
2149,1511,1181,1756,1192,1367,1451
2152,553,851,722,973,911,1087
2153,1338,763,949,1033,1239,1186
2155,292,590,600,461,650,714
2160,381,415,683,495,514,650
2162,632,772,852,1041,1421,1252
2163,1601,1192,1981,1332,1412,1882
2173,1475,1229,1255,1790,1545,1485
2174,887,604,662,1080,2964,1605
2175,613,742,1269,1736,2339,1462
2177,1671,1425,1220,2497,1986,1741
2183,695,1236,836,1779,1429,2596
2186,1491,1298,1015,1073,2531,1806
2194,1529,1210,1420,1478,2421,1599
2196,732,629,1388,1607,1581,2931
2197,129,309,785,1252,978,2611
2198,171,308,1185,906,2332,1099
2200,1029,1685,1158,2095,2152,1591
2206,1398,1744,1192,1990,2170,3494
2208,866,400,458,1059,1401,2760
2211,936,1129,653,711,3013,1654
2216,1204,998,1802,1976,1995,1619
2217,1681,1342,2286,1471,1782,1874
2220,1799,1478,1797,1874,2852,1945
2226,1178,859,1069,1127,1248,1493
2228,198,841,306,1249,1034,2608
2230,1584,1567,1661,1813,2639,1883
2233,808,1054,578,636,1579,1124
2234,1621,1814,1338,2213,1396,1773
2235,281,418,1295,1016,2044,1662
2236,764,518,834,1079,728,774
2237,1324,1041,1517,1846,2305,1099
2238,1241,1487,1377,1435,2378,1557
2250,669,1349,1051,2274,1160,1260
2254,652,1666,789,1672,1290,1970
2257,696,1376,2111,1256,1187,1078
2258,395,502,691,961,1431,1438
2261,725,1405,1107,2423,1216,1409
2262,1730,915,1595,1101,1406,1429
2265,144,254,448,713,1022,1370
2266,1512,1290,1707,1518,883,1155
2271,653,1333,1144,1035,1167,1541
2272,1717,1113,1133,1789,2127,1335
2274,325,1005,816,839,1211,707
2275,420,1100,911,934,802,1337
2276,408,511,602,698,1176,1770
2278,818,1007,723,921,2200,1435
2284,793,1316,849,1067,1127,1096
2292,2004,2210,3049,2724,2692,3043
2293,1050,421,535,1973,1704,1133
2294,1703,1497,1964,2283,2475,2118
2295,1511,1154,1966,1853,1777,885
2296,1336,1693,1612,1813,1726,2229
2299,2598,2392,3259,3268,2949,2902
2300,2272,2789,2066,2470,3044,2687
2301,1850,1644,2789,2364,2683,2432
2303,1990,2131,1784,1812,2762,2206
2304,1325,1531,2378,2129,2322,2021
2305,1421,1064,963,1077,2139,2530
2306,1854,943,1149,1747,1497,1940
2307,1489,1283,2080,2261,2326,1904
2308,600,1077,957,1358,1493,1077
2309,142,619,900,1035,619,831
2321,1758,940,1515,1312,1897,1795
2323,656,1493,1231,1130,1655,1553
2325,311,1179,816,917,799,1125
2328,1587,1061,1830,1452,2148,1929
2333,490,1327,964,1065,1005,1489
2335,1121,1096,1989,1727,1626,1478
2336,597,748,969,885,1122,756
2337,1222,1656,1604,1520,1391,2525
2338,558,1070,930,846,1083,717
2401,953,622,619,605,732,612
2402,1094,873,753,763,679,746
2403,448,582,603,807,750,1182
2404,1278,947,930,1057,937,937
2405,685,1044,819,840,1342,1222
2406,1075,716,743,871,982,1095
2407,108,209,313,460,517,873
2408,1415,1056,1190,1211,1538,1361
2421,1691,1339,1529,1544,1972,2262
2422,621,811,826,1030,973,1386
2424,1703,1351,1556,1541,1984,2274
2425,1410,1001,1191,1421,1206,1576
2426,826,1016,1031,1178,1235,1459
2427,1130,1320,1482,1335,1763,1539
2428,1245,1435,1654,1450,1790,2012
2430,2514,2594,2529,2300,1552,1789
2445,1286,1475,1286,1934,1655,1728
2455,1157,1066,1456,1747,1408,1932
2456,1360,1617,1409,2057,1921,1881
2457,1813,1165,1315,1760,2123,2080
2461,1190,1334,1001,1233,1611,1574
2463,1928,1577,2108,1769,2365,2159
2464,439,414,1007,659,716,901
2465,1647,1308,1698,1690,1989,1666
2471,1055,1406,1092,1293,1366,1722
2472,1135,1659,1372,1769,1374,1948
2473,587,760,672,647,720,775
2474,1200,1373,1285,1260,1068,1214
2475,1138,1223,1311,1198,1368,1514
2476,1008,1045,1359,1246,1319,1675
2477,1674,1711,2025,1912,1985,2341
2478,982,1219,1221,1359,1146,1320
2479,1624,1975,1661,1862,2607,2376
2480,1054,1164,1343,1781,1621,2042
2481,877,1228,914,1115,1188,1544
2491,899,1628,1867,1901,2094,1622
2492,1614,2086,1863,2213,1605,1748
2493,2357,2084,1908,1942,2011,2284
2495,1930,1304,1383,1608,1881,1915
2497,1624,1666,1700,1946,1858,2249
2499,1697,2505,1776,2183,2222,2256
2500,1223,1257,1419,1537,1450,1808
2501,1380,1576,1414,1829,1963,1965
2502,1026,1755,1802,1682,2023,1749
2503,1243,1322,2392,1975,2379,2264
2511,1141,1706,1390,1721,1806,1808
2513,385,724,1066,775,1380,812
2514,1531,1160,1409,1631,1740,1827
2516,1112,1039,1072,1201,1288,1212
2517,936,645,663,750,1084,1184
2518,907,1597,1156,1487,1574,1697
2519,239,846,530,907,971,701
2520,323,572,862,949,1013,757
2523,556,805,1095,1246,1182,1346
2524,746,995,1436,1285,1372,1536
2525,155,404,694,781,845,589
2526,1182,843,1233,1524,1270,1695
2527,1201,958,910,1015,1349,1449
2528,516,1090,812,1184,978,1248
2529,294,543,833,920,984,728
2530,434,683,973,1060,1124,868
2532,638,887,1037,1328,1124,1428
2534,825,299,622,534,973,688
2535,847,1096,1386,1473,1537,1351
2541,1454,1380,1445,1629,1520,1729
2542,894,829,1422,1074,1131,2799
2543,685,958,2506,1282,1116,2680
2544,1257,888,837,1080,1432,1164
2545,1067,892,1400,1349,958,1167
2546,490,763,2311,2485,1177,2605
2547,1443,1268,1592,1541,1334,1543
2548,1178,1003,1474,1423,1069,1278
2549,1387,1212,1725,1674,1487,1278
2550,837,772,1365,1074,1017,1513
2551,1241,1176,1429,1769,2412,2620
2553,1090,1025,1618,1270,1327,2018
2554,1077,1068,1017,1252,1143,1352
2555,1026,961,1554,1263,1702,1206
2556,920,1046,981,1193,1574,2741
2571,564,444,785,511,1141,654
2572,1417,1095,1402,1368,1505,1584
2573,1100,1335,1369,1422,1918,1562
2574,784,863,1790,1516,1464,2006
2575,1348,1007,1127,1074,1295,1278
2576,1589,1317,1396,1267,1574,1540
2578,970,749,629,853,696,937
2579,1264,1043,923,1034,990,1036
2580,901,680,560,627,1070,1072
2581,1498,1463,1530,1725,1952,1954
2582,1094,1315,974,1140,1041,1142
2583,1809,1051,1130,1487,1783,1794
2584,1106,1302,1140,1555,1689,1333
2585,468,775,741,790,834,898
2586,1161,1041,1382,1319,1108,1321
2601,254,478,1126,835,1274,643
2611,2111,2078,1866,2279,2258,2445
2612,2510,2700,2661,2551,2840,2862
2613,1473,1363,1652,1539,1612,2757
2614,1847,1737,2026,2992,1913,2959
2615,2156,2046,2637,2775,2335,2943
2616,1805,1695,1984,1871,1944,3394
2617,2222,2189,2250,1977,2140,2429
2618,1277,1167,1456,1343,1416,2499
2619,2194,1949,2161,2155,2135,2045
2620,1730,1620,1909,1796,3299,3489
2621,1771,1661,1950,1837,3090,1993
2622,1774,1664,1953,1840,3122,3312
2701,373,459,611,572,686,747
2702,1383,1034,1344,1145,1404,1297
2703,767,656,1292,804,995,852
2761,311,224,513,400,473,528
2762,1146,876,1000,1033,985,1063
2763,690,577,565,650,702,757
2764,1144,1514,1401,1234,1474,1830
2765,769,1005,968,1145,855,1082
2766,451,396,374,323,379,384
2767,670,967,552,666,766,716
2768,624,975,661,862,935,990
2769,363,549,543,476,643,559
2770,430,544,644,668,599,845
2771,978,1082,1106,1196,997,1458
2772,549,410,699,586,659,714
2773,573,286,340,460,533,588
2774,1642,1411,1496,1529,1768,1481
2775,644,1014,901,734,974,1029
2781,1279,1169,1458,1345,1418,1473
2782,1282,1172,1461,1348,1421,1476
2783,2013,2050,2364,2911,2251,2666
2784,1223,1113,1402,1289,1362,2553
2785,448,338,627,514,587,642
2786,587,477,766,653,726,781
2787,1345,1235,1524,1411,2495,2462
2788,1228,983,1195,1169,1396,1562
2789,875,765,1054,941,1014,1069
2790,1819,2064,2005,2031,2171,2318
2791,1654,1544,2135,1833,1890,1720
2792,1878,1768,2057,2642,2609,1944
2793,900,790,1079,966,1039,1094
2821,217,332,805,770,860,850
2822,247,350,894,540,447,547
2823,539,778,715,699,1316,1124
2824,261,311,356,559,588,1161
2825,399,270,475,612,641,647
2826,584,807,704,726,888,795
2827,267,248,512,553,955,785
2828,240,177,340,778,586,468
2829,413,689,652,790,983,577
2830,1151,1069,1390,1308,1327,1233
2831,850,534,447,689,649,891
2832,616,553,1204,523,987,869
2833,695,855,934,1116,871,1152
2834,973,1212,1133,1149,1750,1394
2841,1813,1709,1852,1825,2147,2644
2842,981,433,474,789,671,1478
2843,1562,833,1006,1066,1107,1830
2844,1852,1946,1414,1398,1335,1439
2845,1147,599,1644,640,955,1296
2846,1132,584,625,940,822,1629
2847,1890,1181,1270,1133,1174,1489
2848,1919,1371,1275,1132,1727,1248
2849,94,720,157,528,389,410
2850,1413,899,793,883,924,1156
2851,2295,1566,1886,1358,1399,1714
2852,737,1466,1734,1124,1513,1184
2853,1637,1199,1120,990,854,1761
2854,476,1164,721,517,762,994
2855,2389,1660,2005,2118,2755,1563
2856,1397,849,890,1205,1087,1894
2857,1365,817,1173,858,1055,1090
2858,1847,1299,1409,2344,1880,1552
2859,1779,1070,1159,822,863,1178
2860,2206,1689,1600,1161,1202,1517
2861,889,341,382,697,614,579
2862,1618,2115,1070,1767,1111,1426
2863,838,1380,713,776,944,1008
2864,957,409,450,765,1454,682
2865,2343,1846,1828,1298,1339,1654
2866,1467,835,919,876,960,1823
2867,1640,1126,1020,991,1032,1347
2868,2114,1385,1754,1595,2161,2041
2869,1008,543,606,1550,963,838
2881,2156,1454,1215,1391,1613,1762
2882,1195,801,652,742,783,1125
2883,1596,1706,1885,1678,2832,1838
2884,1033,559,453,543,584,816
2885,90,819,1087,599,866,689
2886,1401,844,858,907,1007,668
2887,1807,1040,977,1264,799,1413
2888,1720,1117,1388,1369,1389,1499
2889,2741,2347,1730,1969,2661,1812
2890,1985,1591,1573,1532,1525,2253
2891,1595,1201,1251,1188,1052,1012
2892,1781,1387,2049,1369,1328,1238
2893,2468,2074,1543,1782,1719,1703
2894,2172,1778,1567,1328,1504,1629
2895,2058,1553,2215,1535,1494,1404
2901,1457,1558,1770,1708,1615,1640
2903,941,1042,1099,1192,1254,1124
2904,1241,1140,1391,1298,1453,1323
2914,654,467,808,501,665,821
2915,621,667,743,810,803,847
2917,441,595,634,470,436,606
2919,603,512,457,423,666,619
2920,253,386,630,755,798,762
2931,33,99,384,781,545,907
2932,699,800,950,857,882,1012
2933,1071,1146,1222,1276,1215,1275
2936,510,450,580,721,797,769
2937,562,531,483,646,666,693
2938,1109,1184,1260,1314,1253,1662
2939,166,324,620,349,523,436
2951,1775,1739,1826,1967,2015,2052
2952,2431,2395,2225,2177,2065,2090
2953,1160,1473,1323,1261,1343,1411
2961,1168,1298,1483,1619,1626,1663
2962,1794,1848,1924,2637,2906,2065
2963,1439,1569,1471,1607,1614,1651
2964,2248,2517,2421,2141,2119,2332
2971,1655,1756,1906,1973,1813,1838
2972,1534,1635,1847,1785,1692,1717
2973,2287,2136,1755,1654,1905,1812
2974,2194,1732,1631,1882,2043,1789
3001,755,1019,1180,1021,1669,1039
3002,830,1590,1854,1765,2054,1869
3003,2133,1867,2160,1853,1966,2131
3004,1356,1620,1622,1649,1826,1640
3005,411,1608,1616,1346,1635,2035
3006,1934,2070,2334,2349,2376,2354
3007,1401,1665,1265,1680,1707,1685
3021,609,1831,1542,2231,1804,1812
3022,1112,2734,2334,2045,2796,2397
3023,1543,1185,1080,1501,1348,1465
3024,33,976,1238,1265,1246,1665
3025,2005,1720,1445,2036,1810,1927
3031,1388,1325,1583,1505,1324,1757
3032,1199,1683,1450,1673,1402,1711
3033,762,780,828,1089,1229,1103
3034,1702,1507,1443,1674,1770,1624
3035,1276,1227,1374,1196,1241,1754
3036,2197,1938,2002,1929,2169,1815
3037,1174,1222,1222,1483,1497,1689
3038,1093,1159,1111,1560,1420,1567
3101,1466,2401,2690,2663,2589,3090
3102,1837,2458,2722,2772,2888,2737
3104,645,1578,1840,1848,1867,2267
3111,1555,1621,1572,1541,1586,2022
3112,1655,2776,2513,2467,2643,2588
3201,1013,983,1117,1465,1169,1696
3202,944,1048,1108,1248,1544,1775
3203,286,316,863,930,548,556
3204,1207,1343,1496,1038,1224,1221
3211,411,614,599,632,733,910
3212,1160,965,901,1082,1132,1197
3213,361,512,556,631,733,664
3214,317,512,510,732,629,963
3215,792,957,943,987,1062,1095
3216,731,1019,1170,1214,1289,1322
3217,558,702,687,720,821,998
3218,264,415,459,534,567,636
3219,625,820,808,776,1039,895
3231,485,405,524,671,538,1360
3232,656,1174,745,1094,1272,1567
3233,775,695,726,873,740,1562
3234,314,505,729,649,1327,827
3235,475,569,617,878,942,892
3236,406,486,718,747,761,1098
3237,569,832,880,1036,1141,1043
3238,454,869,789,543,967,1365
3251,1258,1067,1657,1426,1346,1524
3252,1481,1386,1195,1218,1172,1554
3253,1114,1025,1440,1360,1713,1538
3254,932,949,669,623,758,799
3255,917,1006,1332,1252,1430,1637
3256,1044,781,735,1061,911,870
3271,771,630,742,816,769,749
3272,624,1153,895,848,1012,1959
3273,1161,730,1020,1001,954,1967
3274,543,472,690,806,1125,1402
3275,355,496,549,809,906,784
3276,968,643,740,702,722,742
3291,203,244,335,474,549,452
3292,1462,534,921,542,1290,987
3293,729,297,1098,521,541,1790
3294,682,853,883,585,1126,1029
3295,557,619,1153,1099,981,1140
3296,754,316,1123,546,566,1637
3297,296,734,526,546,1103,616
3298,367,1414,939,870,1371,992
3311,965,1453,1317,1180,1161,1409
3312,643,637,856,726,831,957
3313,1086,1092,1198,1173,1363,1369
3315,261,560,523,551,563,782
3316,345,560,541,833,697,789
3338,292,439,690,560,761,1331
3339,748,813,653,688,891,975
3340,870,693,991,1059,1066,646
3341,1334,1399,1239,1274,1477,1358
3342,434,646,722,907,966,1162
3352,933,1224,2742,3003,3081,2530
3359,2865,1530,2059,3680,1801,1754
3360,4309,4173,1525,3867,3673,3904
3374,334,622,1510,2272,2484,2754
3379,495,749,2357,2145,1639,2618
3392,563,1373,1429,1454,1563,1723
3393,421,746,1475,1665,1015,1531
3394,833,1111,864,1918,1974,2108
3395,624,902,838,1892,2082,1948
3396,950,1228,1322,2170,1905,1932
3401,1281,1308,1628,1546,1892,1588
3402,892,919,1157,1292,1553,1580
3405,668,1384,1643,1546,1194,1375
3407,1268,1103,1009,1000,1030,1629
3408,1055,1285,796,787,817,1421
3422,1222,984,1003,1382,1670,1573
3423,1441,1203,1173,1158,1681,1490
3424,798,530,560,1038,515,847
3426,1518,1235,1345,1504,1250,1280
3427,1057,1034,875,1247,813,2177
3441,647,670,1039,1284,1323,1469
3442,345,374,689,886,1557,631
3443,476,503,802,1047,1086,741
3444,860,883,1571,1283,1473,1619
3506,1709,1662,1933,1906,2082,2478
3513,1404,1675,1451,1648,2136,2218
3514,2094,2365,2141,2338,2826,3081
3542,2067,1796,1843,2528,2040,2610
3543,2543,2625,2082,1811,1858,3143
3544,2649,2378,3110,2425,3192,2622
3551,9229,9147,9747,9757,8686,10070
3561,8179,8097,8697,8707,7636,9020
3572,1746,1641,2129,2381,2384,1917
3575,1389,1284,1772,2024,2027,1560
3581,1753,2136,1648,2388,2391,1924
3582,1724,2107,1619,2359,2362,2662
3603,6685,6791,6461,6173,6000,5687
3618,3113,5513,3365,5737,3368,5843
3619,2040,2423,1935,2675,2678,2978
3633,163,313,401,613,786,868
3637,100,498,431,580,434,856
3638,287,437,737,525,910,992
3640,460,371,578,609,1052,994
3661,396,467,445,767,843,925
3662,770,748,905,1013,1379,1398
3663,539,468,707,733,1181,1118
3668,212,327,373,524,847,929
3669,1044,1179,1022,1287,1653,1735
3670,841,819,976,1084,1450,1532
3672,3519,3819,3516,3264,4280,4880
3673,212,543,610,546,692,968
3681,1997,2186,2527,2537,2850,3023
3695,93,103,446,605,769,619
3701,130,291,809,819,678,1132
3711,326,515,630,800,827,882
3712,392,350,432,581,695,950
3713,325,514,855,865,1178,1351
3714,20,259,308,365,491,780
3715,609,700,770,889,1288,1298
3721,176,345,560,621,812,852
3722,401,520,619,898,889,909
3723,385,554,442,830,718,721
3731,424,814,703,933,1302,714
3732,1156,1051,1539,1327,1791,1558
3733,206,311,694,482,713,946
3734,560,455,943,731,962,1195
3746,6014,6193,6208,5711,5982,5758
3752,10009,9422,9830,9583,10024,9719
3762,7371,7192,6784,7386,6945,7081
3764,7861,7682,7274,7876,7435,7571
3781,5251,5333,4790,4519,4566,5851
3782,5966,5884,5423,5152,6484,6494
3783,4599,5060,5142,4328,4375,5660
3784,6053,5971,5510,5239,6571,6581
3785,4452,4913,4995,4181,4228,5513
3786,5607,5525,5064,4793,4840,6125
3787,5860,5778,5317,6378,6388,5046
3788,5036,4765,5497,4812,5579,5752
3789,5913,5831,6431,6441,5370,6754
3790,5426,5344,5944,4883,5954,4612
3791,4929,5390,4658,5472,4705,5645
3792,6946,8169,8059,6453,6373,7110
3804,1517,913,1153,1339,1202,1837
3805,1460,856,1096,1145,1282,1685
3808,2885,3250,2577,3339,3866,3212
3810,1757,1153,1393,1442,1579,1750
3821,823,398,474,506,839,722
3822,174,228,422,949,1157,1368
3823,335,599,1228,771,1298,803
3831,883,341,658,557,767,959
3832,877,273,513,699,562,1102
3834,238,278,842,547,527,950
3835,198,403,1007,467,692,870
3837,1838,1523,1234,1474,1660,1831
3847,9335,9156,9350,9056,8785,8832
3851,4493,4672,4687,4085,4061,4014
3861,2303,1716,2124,1877,2318,2013
3862,2516,1929,2337,2090,2226,2531
3863,2069,1482,1890,1643,2084,1779
3871,3174,2995,2587,3189,2748,2884
3881,2940,2761,2353,2955,2514,2650
3882,2504,1917,2325,2078,2519,2214
3891,2601,2014,2422,2175,2616,2311
3901,353,618,643,630,749,1118
3911,1149,1914,2166,1428,1426,1545
3921,3201,3370,3549,4218,3966,4221
3932,1420,1699,1710,1697,1816,2185
3945,703,524,797,688,716,927
3946,768,781,589,809,783,945
3947,615,589,436,617,753,683
3951,408,297,509,1110,602,505
3952,593,695,816,746,1282,1522
3953,217,487,370,465,1146,638
3954,474,635,1061,771,701,882
3955,323,910,484,620,550,731
3961,848,1435,1009,1145,1075,1256
3962,956,1543,1117,1253,1364,1183
3972,937,1098,1524,1234,1164,1940
3981,3395,3778,3290,6508,6402,6178
3982,3895,3451,3427,4210,5240,4870
3983,5772,5552,4302,4770,4326,5149
3985,4484,4040,4799,4016,6945,5829
3986,3106,2662,2638,3421,4451,3788
3987,5080,6301,6195,5395,5971,4636
3988,3318,2935,6048,5942,2830,5718
4001,454,533,1548,1186,1676,948
4002,486,618,1271,1784,1028,1742
4003,324,348,1043,1519,805,1533
4004,958,804,924,1051,1704,1066
4005,1024,1156,2285,1804,2115,2000
4006,766,1461,969,1587,1223,1332
4007,1036,830,1001,710,1044,952
4008,598,730,1383,1689,1854,1574
4009,1033,884,1244,1093,707,855
4010,1034,866,1069,1134,708,896
4012,476,679,1171,1318,933,1042
4013,1248,977,967,1348,922,1110
4021,907,931,1061,811,1641,1019
4022,1461,1575,1571,1232,1288,1335
4023,606,662,709,980,984,895
4024,381,741,540,754,776,929
4026,794,818,698,856,906,1377
4027,530,660,919,823,1055,1142
4028,1428,1332,1452,1490,1540,1804
4029,696,1072,841,1000,1389,1236
4030,405,596,791,787,628,966
4031,1686,1800,1796,1491,1547,1596
4032,263,378,522,766,675,609
4033,776,834,915,950,1339,889
4034,547,451,573,448,659,641
4035,1170,1074,781,911,1282,1306
4037,1122,1218,1330,829,959,1312
4038,1156,1286,1132,1036,1659,1866
4039,1395,1305,1509,1401,1505,1012
4040,524,599,595,715,808,840
4041,1782,1670,1574,1339,1328,1281
4042,1143,1288,1447,1519,1617,1521
4044,1576,1724,1431,1807,1700,1604
4045,592,496,819,694,817,799
4046,774,613,959,994,980,866
4047,1593,2074,2077,2098,2472,2376
4048,327,648,450,544,423,761
4049,1187,1091,1211,1249,1299,1281
4061,575,746,730,1096,1062,985
4062,500,972,640,869,831,736
4063,1813,1329,1469,1710,1660,2294
4064,1266,1484,1749,2100,2584,2240
4065,637,662,902,1238,900,1049
4066,1449,1346,1296,1105,1911,1440
4067,2225,1467,1692,1589,1628,1683
4068,903,1168,950,1504,1315,1249
4071,994,1343,1283,1498,1830,1522
4072,1383,1544,1557,2141,2029,1933
4073,1067,1335,1238,1222,1554,1451
4074,573,713,1045,809,942,904
4075,606,772,503,559,794,916
4076,1461,1679,1944,1699,2699,1904
4077,840,1001,1128,1163,1552,1093
4078,1555,1773,2243,2038,2727,2383
4079,894,1034,1130,1366,1570,1263
4080,791,1009,1274,1029,1610,1300
4081,939,836,1130,892,990,1249
4082,1153,1439,1704,1927,2018,1443
4083,680,1152,820,1049,1011,916
4084,492,546,701,1033,842,731
4091,1186,724,943,948,1052,1474
4092,634,583,552,633,743,847
4093,514,550,627,812,746,598
4095,356,861,906,840,936,905
4099,355,855,930,899,900,1056
4100,290,648,693,723,627,692
4104,523,570,522,539,730,736
4105,1808,1948,2313,2381,2050,2292
4106,1098,1783,1200,1892,1462,1859
4107,498,643,604,802,750,719
4110,1357,1862,1236,1930,1841,1937
4111,1155,1660,1098,1705,1639,1735
4112,1230,1735,1803,1714,1480,1810
4117,922,1553,1049,1707,1422,1464
4120,1627,1469,1389,957,1453,1474
4121,1242,1747,1815,1726,1653,2036
4122,703,1208,1084,1283,1252,1253
4123,405,893,898,872,968,937
4124,913,1442,1707,1539,1674,1704
4125,990,933,1445,1770,1550,1640
4131,2376,2493,2168,2079,3199,2411
4132,1869,2107,2851,2017,2750,2092
4134,1738,1495,1540,2374,1711,1718
4135,2447,2264,2093,2616,2165,2378
4136,1076,750,870,1041,992,933
4137,2289,2118,2697,2435,2673,2324
4138,1822,2060,2678,1844,2045,2015
4139,2239,2142,1942,2430,1796,2855
4140,2230,1857,2233,2060,1995,2564
4141,2225,2264,1861,2523,1889,2630
4142,1781,1575,1697,1784,1746,1998
4143,1972,2084,1859,1748,1888,1766
4144,1235,909,1029,1151,1200,1243
4145,1978,1393,1986,1596,1748,1846
4146,1994,1621,1997,1824,1759,1868
4147,2506,2364,2193,2482,2133,2244
4161,251,367,394,606,683,840
4163,309,571,619,646,558,1926
4164,1561,1663,2144,1582,1681,1609
4165,595,753,869,896,844,1992
4169,925,959,860,887,1174,1660
4170,831,930,858,1285,1362,1848
4172,402,375,259,614,691,843
4173,1177,1442,1176,1303,1362,1478
4175,686,408,524,551,935,2303
4176,2068,1982,1528,1627,1555,2728
4177,241,273,359,714,791,714
4181,923,914,1030,1057,1172,1713
4182,967,1232,1122,1238,1265,1402
4183,158,621,1685,745,1278,1078
4184,1924,1842,1388,1487,1415,2507
4185,464,489,751,799,826,1051
4186,322,600,584,632,659,1403
4191,438,656,926,681,881,1257
4192,1520,1758,1668,2502,1738,2003
4193,223,287,478,702,665,699
4194,595,813,1078,833,1414,1033
4195,775,1013,993,1258,1213,1384
4196,1807,2025,2045,2290,2744,2924
4197,1315,1553,1463,1533,2297,1634
4198,361,637,902,599,1238,870
4199,1277,1206,1268,1227,1506,776
4200,666,437,571,423,532,1234
4201,466,709,684,954,951,1285
4202,1742,1980,1965,2225,2317,2930
4203,1027,685,664,979,1143,1106
4204,520,758,738,1008,1339,832
4205,433,338,698,1034,576,845
4206,746,289,460,508,617,882
4207,827,566,589,737,698,963
4208,1183,1426,1401,1671,1758,2371
4209,1234,996,1144,1214,1315,1978
4210,712,950,930,779,1195,950
4221,1445,1292,1239,1218,1392,1540
4222,1085,1579,1538,1682,2014,1911
4223,1047,1200,1435,1210,1545,1350
4224,1680,1611,1764,1774,2109,1914
4226,1586,1545,1726,2058,1822,1955
4227,1760,2429,2667,1978,2801,2807
4228,1837,2168,2308,2652,2290,2549
4229,1834,1980,1974,2318,2070,2215
4230,1876,2370,2329,2274,2473,2805
4231,646,493,419,665,741,741
4232,1940,2071,2224,2434,2234,2393
4233,2001,2485,2141,1310,1533,2338
4234,1143,1519,1637,1596,1513,1740
4235,1282,981,1134,1144,1284,1723
4236,1642,1676,1829,2136,1839,2095
4237,751,904,866,1019,677,999
4238,1288,1428,1553,1524,1760,1657
4239,692,855,845,1190,995,1080
4240,1639,2123,1779,1546,1328,2020
4251,1033,890,1006,1245,1474,2383
4252,402,505,418,702,710,1049
4253,1340,693,557,823,902,1464
4254,1622,725,861,991,1070,895
4255,803,771,701,1244,1056,1189
4256,1015,872,988,1227,1456,2391
4257,561,1608,950,676,825,841
4258,1472,575,549,841,745,782
4259,438,581,554,793,870,1022
4260,558,531,415,770,999,847
4261,1100,1068,998,1541,1159,1295
4262,728,871,844,1083,2133,1312
4263,1818,1377,997,1133,1345,1275
4264,1356,1213,1329,1797,2494,1831
4271,283,317,479,510,866,622
4273,1528,1572,1206,1513,1581,1479
4274,1072,706,645,852,818,959
4275,1446,1362,1856,1120,2435,1744
4276,1053,1000,1171,727,910,876
4277,1593,1509,1679,2288,1597,1267
4279,1247,849,1026,1011,1559,1154
4280,362,536,502,647,711,688
4281,1864,1307,2130,1948,1467,1622
4282,464,287,449,685,597,1041
4283,700,1022,1007,973,1066,1492
4284,1495,1411,1169,1760,1352,1318
4285,602,968,823,875,1020,1032
4286,1353,1027,1269,1210,1176,1177
4287,634,785,811,944,1032,1240
4288,1734,1514,1756,1503,1649,1615
4289,672,1038,979,945,1397,994
4303,1750,2255,2323,2234,2161,2544
4304,1848,2332,2329,2353,2727,2631
4305,2068,2106,2044,2057,1948,2562
4306,640,770,1079,1148,1209,1208
4307,2667,2728,2642,2188,3172,2287
4309,2102,2583,2586,2607,2981,2709
4310,2456,2937,2940,2909,2961,3335
4311,2294,2525,2208,1754,1853,1781
4312,1690,1714,1594,1752,2066,1802
4313,2056,2561,2629,2467,2540,2850
4314,1096,1226,2636,2540,2660,2698
4318,1629,1725,1749,1787,1438,1837
4319,1010,1140,2070,2166,1518,1579
4320,2518,2523,2042,2494,2398,2547
4324,1637,3068,2706,3187,3044,2948
4401,670,650,709,814,933,1110
4406,1632,1699,1863,2003,3272,2726
4411,392,507,598,738,857,1034
4416,1523,1590,1754,1894,3074,2588
4421,596,747,866,899,791,1051
4426,2001,1966,2130,3083,2459,2270
4431,280,463,496,466,585,762
4436,1169,1284,1375,1515,1634,1811
4441,703,818,909,1049,1168,1345
4446,1691,1758,1922,2854,2368,2062
4451,1579,1694,1785,1925,3566,2948
4461,1368,1264,1428,1568,2439,1864
4471,1445,1468,1683,1868,2156,2058
4476,2992,2751,2151,2047,2183,2513
4486,900,923,1138,1323,1611,1513
4495,2091,1853,1876,2276,2564,2192
4501,2106,1868,1838,2907,1823,2426
4506,2477,2499,2018,2119,2239,2209
4511,1627,2035,1731,2058,2273,1791
4536,937,1184,1214,1189,1470,1480
4545,1197,997,1227,1140,1177,1133
4546,643,673,623,951,875,838
4551,576,758,924,1181,1335,996
4561,625,821,1162,1017,1429,1074
4566,607,1144,1027,1056,959,803
4571,747,449,562,788,1267,809
4590,986,529,790,1327,1594,1728
4591,306,1060,911,527,1233,654
4601,785,898,1025,1157,1593,1554
4606,465,1219,686,1070,1392,1533
4611,792,1230,1426,1611,1397,1013
4616,1173,988,1085,904,1376,1129
4621,989,720,901,804,893,1256
4641,2517,1897,2630,2479,2836,2252
4643,1106,2077,1807,2142,3061,3128
4646,1085,2051,1682,2121,1868,2374
4651,419,1390,1120,1455,1202,1708
4656,2146,2802,2418,2340,2624,2764
4666,1508,852,1243,1578,3571,3087
4671,1579,923,1314,1649,3249,1396
4681,2404,1918,2142,2209,2373,2139
4683,1850,1098,1585,1920,2971,3038
4691,1414,2385,2115,3118,2929,2450
4696,475,1441,1176,1511,1258,2031
4701,1718,920,1228,1820,1567,2340
4711,1538,1351,2145,1130,1917,1892
4716,1024,1344,803,1211,1942,1677
4721,1598,1416,1892,1759,1764,2021
4723,1664,1570,1854,1482,1570,1349
4724,906,685,1138,1005,1386,1237
4726,1589,1821,1405,1368,1914,2192
4741,771,992,1830,1698,1660,1525
4746,646,966,425,833,1435,1156
4751,900,454,958,1090,737,1386
4756,1958,1675,1795,2100,2259,1720
4761,788,1020,887,567,1210,1577
4776,1307,1627,1086,1613,1960,1494
4781,424,645,1178,1401,1029,1351
4786,1105,1118,748,1295,897,1680
4791,1592,1875,1662,1821,1979,1637
4801,2280,1717,2178,1947,2027,2533
4806,1825,2094,1998,1909,2006,1862
4811,1112,1381,1285,1133,1648,1293
4816,1593,1221,1486,1335,1673,1841
4821,1083,1352,1264,1167,1256,1555
4826,1781,1954,2050,1553,1962,1865
4831,875,508,622,1128,773,1395
4841,1149,953,728,1490,1757,1402
4846,1087,1606,1504,1487,1353,1859
4851,2353,1452,2460,1892,2202,2708
4864,1961,1589,1703,1854,2041,2209
4871,2277,2546,1892,2450,1889,2361
4881,834,1441,1680,1188,1901,1315
4891,2023,1357,1542,2083,3064,2781
4901,2040,1384,1775,2110,3344,2678
4911,2048,1567,2416,1830,2174,2133
4921,763,1370,1244,2114,2471,1893
4941,638,1245,1119,1255,992,1765
4946,778,1259,1385,1446,3009,2039
4951,385,1011,885,758,1072,1531
5001,194,457,731,582,1214,830
5002,671,799,934,1059,1217,1353
5003,742,490,904,1070,1351,692
5009,1574,1158,1263,2859,1740,1958
5010,424,425,787,1391,913,1076
5017,447,630,766,649,1338,1619
5048,1797,2008,1510,2228,3943,4362
5049,2664,2453,2166,2884,4599,5018
5050,788,1075,1286,3221,2694,2605
5061,185,530,1376,1259,1006,1405
5063,1134,799,1900,1783,1929,1530
5064,507,675,730,950,1169,1377
5071,1097,1467,1610,1233,1579,1732
5072,352,675,938,1185,1531,1055
5073,553,574,809,794,1303,3242
5076,690,539,947,1033,1167,1241
5077,407,694,905,901,1109,1551
5078,1174,804,940,1286,1317,1439
5079,999,695,629,1041,1142,1412
5091,355,482,963,838,2351,2513
5096,728,896,944,904,2457,2619
5097,891,1018,1499,1374,2887,3049
5108,580,411,938,751,2138,2300
5112,599,789,2157,2319,1183,1664
5113,256,259,874,763,2276,2438
5115,419,442,1027,902,2415,2577
5117,1199,1467,1523,1531,2980,3142
5118,419,617,625,635,2148,2310
5120,375,383,656,872,2385,2547
5121,719,831,856,1072,2585,2747
5125,767,894,1375,1250,2763,2925
5131,253,517,844,657,2030,2192
5136,2461,2304,3211,2965,4478,4640
5138,649,1586,1722,1168,930,1233
5141,865,785,1170,1067,1365,1345
5143,1609,1989,1891,2000,2195,2169
5144,780,893,1173,1552,1275,1268
5146,2382,2433,2664,2738,2933,2942
5148,717,999,1176,1196,1107,1108
5149,1974,1923,2205,2279,2474,2483
5151,427,886,709,818,1013,987
5154,156,269,549,644,646,928
5160,1825,1665,1969,2200,1644,1753
5161,1164,1623,1446,1555,1750,1724
5162,326,608,1042,955,1150,878
5167,325,533,1020,1102,1297,1085
5171,1427,1732,1927,1376,1658,1974
5176,591,679,1192,1248,1443,1231
5180,444,730,1126,1013,1208,996
5181,1807,1756,2038,2112,2307,2316
5186,670,754,949,746,1028,996
5187,594,876,1053,1154,1065,985
5189,524,806,1074,1036,947,1006
5192,403,870,789,708,903,1351
5193,1035,984,1340,1535,1266,1582
5194,370,652,829,761,956,930
5196,249,474,573,878,1073,804
5198,129,324,623,814,1101,499
5199,641,746,1159,1441,1057,2342
5200,1967,2355,2249,2358,2553,2527
5203,676,871,1170,1051,1108,1217
5205,686,669,894,991,1186,1224
5206,1212,1089,1517,1712,1371,1759
5207,2002,2053,2284,2358,2553,2562
5208,1028,810,1492,976,887,1379
5210,210,666,522,717,1026,757
5212,1057,839,1045,956,1521,1408
5214,656,524,987,1093,1288,1079
5216,1433,1382,1738,1933,1664,1980
5221,422,647,885,991,1186,977
5225,338,703,859,643,838,885
5226,969,1141,1553,1464,1570,1756
5227,927,1209,952,863,1386,1155
5230,1340,1092,1483,1374,1678,1652
5231,257,539,827,826,1021,809
5233,777,972,1271,1152,1209,1323
5236,717,801,996,746,1028,1043
5237,976,1258,1435,1536,1447,1367
5238,260,354,646,1931,2212,748
5239,2428,2377,2733,2659,2928,2937
5240,619,732,1107,953,1017,1062
5242,200,227,786,586,1342,695
5249,535,562,1587,790,1121,899
5250,330,477,363,652,1408,761
5251,451,568,1207,595,560,1154
5254,1090,293,402,562,503,965
5257,337,454,1013,1479,723,832
5260,641,706,724,663,1457,1192
5263,1333,777,803,963,886,1046
5266,206,322,1312,825,766,1228
5268,770,556,624,1766,1010,1119
5269,1168,1248,1506,2216,1419,1528
5281,331,764,936,975,1144,1586
5287,208,858,667,1066,1191,1823
5304,8624,8970,8164,4804,4647,7944
5307,4769,4612,8589,8935,5519,8129
5309,4213,4056,8033,8379,7573,4963
5310,2989,2832,6349,6809,6129,5918
5315,3569,3412,6929,7389,4319,7735
5317,1717,1560,2467,2221,3734,3896
5323,7936,8396,7716,8742,7505,7046
5324,1025,1182,1932,1686,3199,3361
5396,930,773,1680,1434,2947,3109
5397,1293,1207,1901,1776,3289,3451
5398,1905,2092,1789,1508,2615,2777
5399,5231,2606,4772,2806,3133,2946
5401,963,959,648,821,1041,1009
5402,497,543,635,759,1345,1268
5403,770,783,1260,1183,1534,1122
5404,1425,1110,1421,1283,1764,1503
5405,1507,1500,1645,1721,2269,2225
5406,470,441,666,804,1286,1514
5407,2287,2283,1972,2145,2365,2626
5408,905,616,1114,1465,1093,1234
5409,872,1064,734,954,922,749
5410,1883,1568,1879,1741,1961,2222
5411,2887,2891,2749,2969,2576,4012
5412,805,516,945,1296,993,855
5413,721,556,1033,956,1307,895
5414,1013,991,729,1342,1111,1206
5415,763,759,448,621,841,1102
5422,1106,632,856,782,1298,821
5423,1877,1627,1715,1664,2067,2177
5424,2175,1836,1925,2013,2365,2025
5425,1693,2288,2038,1940,2456,1937
5426,404,1242,648,992,918,1434
5427,1082,471,832,758,715,1274
5428,1068,1823,1312,1573,1499,2020
5429,1522,1622,2277,2358,2027,1953
5430,1428,1438,2174,2366,1901,2116
5431,2241,1991,2079,2431,2028,2278
5434,1471,1715,2226,2423,1976,1902
5435,1557,1059,1307,1209,1725,1248
5436,863,1711,1107,1461,1387,1815
5437,1091,1787,1335,1537,1463,1979
5451,1203,821,1740,1198,1760,2416
5456,868,1261,1511,1614,1142,2321
5458,1148,766,1446,2541,1527,1257
5464,1750,1368,1368,1745,2011,1761
5471,378,599,873,1045,869,1137
5472,311,573,608,604,706,872
5473,529,655,887,883,1213,985
5474,1231,1493,1505,1702,1841,1725
5475,1515,1777,1789,1894,2063,1975
5476,1424,1465,1922,2076,2483,1860
5477,715,977,989,1186,985,1599
5479,1484,1746,2618,1936,1758,1955
5480,417,486,691,687,1260,789
5481,1052,1208,1897,1482,1743,1681
5482,578,861,1320,1486,1104,1076
5483,1196,1694,1479,1848,2255,1632
5484,725,1051,1158,987,1414,1176
5485,1373,1593,1589,1702,1614,1635
5486,1733,2635,1995,2128,2353,2265
5487,792,990,1534,1264,1504,1260
5488,1787,2062,2049,2175,2087,2066
5489,354,588,624,754,616,853
5490,1547,2190,1891,1508,1899,1760
5491,2261,1579,2073,2107,1831,1970
5492,2258,2346,2233,2105,2508,2787
5493,952,1251,1235,1261,1035,1658
5495,557,819,831,827,1028,929
5496,284,546,558,554,656,755
5497,948,1411,1101,1231,1195,1783
5498,883,1438,1166,1284,1222,1845
5499,1113,1375,1387,1479,1723,1607
5501,191,563,453,559,661,827
5503,473,752,918,743,1017,735
5511,797,958,1165,1080,1279,1317
5512,3120,1946,1750,2035,1730,2132
5514,1439,1735,1367,1552,1650,1590
5515,1524,1341,1156,1439,1418,1676
5516,1391,1032,1023,1306,1243,1070
5518,918,1233,1585,1424,1516,1715
5520,961,2001,916,1059,1079,1013
5521,641,1009,903,924,1123,1161
5522,1587,1391,2839,1631,1595,1371
5523,1134,1619,1227,1334,1527,1599
5527,1146,778,1053,1061,1040,1298
5529,158,453,825,668,664,609
5530,2543,1518,1322,1458,1302,1555
5531,1039,874,823,2246,1083,1009
5533,1544,2017,1598,1649,2211,1691
5534,2890,1846,1650,1805,1630,1902
5535,664,876,1331,1170,1174,1438
5537,990,1577,1285,2664,1496,1361
5539,1199,1003,2451,983,1207,1243
5540,1273,1550,1940,1779,1821,1833
5541,538,1205,833,989,2412,1044
5551,390,673,723,2195,1220,982
5552,1582,1766,1925,3214,1842,2003
5553,250,466,1988,583,1080,924
5554,431,647,925,930,690,1746
5555,615,516,1109,799,2321,874
5556,527,743,2265,860,1201,1357
5557,591,807,2329,924,1265,1421
5559,370,321,1892,828,681,620
5560,817,1033,2555,1150,1491,1647
5561,268,481,2003,601,939,792
5562,1245,1546,3068,1578,1901,2004
5563,917,722,901,1322,1225,2244
5564,1026,810,2548,1622,1143,1539
5565,331,664,614,1161,2136,1430
5566,945,542,716,1225,1045,958
5568,2037,1694,1954,1929,3326,2629
5571,959,1175,2697,1292,1789,1633
5581,518,334,753,1176,1083,905
5582,573,980,806,961,1043,835
5583,287,524,461,472,729,628
5584,472,957,565,672,864,766
5585,807,633,875,976,818,1121
5586,942,697,1094,1209,1102,933
5587,1007,725,914,816,870,763
5588,558,754,1173,1596,1654,945
5589,646,919,745,858,1003,896
5590,673,869,1288,1711,1624,1520
5591,376,650,550,818,712,561
5592,1058,884,1131,765,955,910
5601,193,436,680,578,550,730
5604,850,895,1079,1314,1097,1391
5606,546,660,1079,933,1502,1409
5607,548,998,795,896,1089,909
5609,404,647,891,789,761,941
5610,515,758,872,1007,900,1052
5611,689,873,1108,1059,1531,1438
5613,959,1266,1152,1685,2108,1202
5621,875,673,982,1238,1122,1000
5622,671,885,1196,1166,1010,979
5623,1118,868,794,644,1310,833
5624,478,603,680,702,669,841
5627,566,627,801,1069,968,812
5628,572,456,745,706,976,1004
5629,1298,1151,1063,1313,1521,1389
5631,566,654,1043,816,1058,1086
5632,834,686,811,1144,933,877
5633,648,872,773,1011,895,839
5634,561,913,797,917,945,1089
5635,658,810,1034,1001,1173,1057
5636,1230,980,906,756,1422,1237
5637,1261,1011,1099,889,1488,1370
5638,590,1115,1085,878,1003,1080
5639,350,438,827,600,842,870
5640,490,578,967,740,944,982
5642,379,351,263,707,735,513
5643,706,1016,1120,938,1136,1129
5645,944,727,1252,834,1222,1069
5646,776,654,1026,1099,1079,1086
5648,747,1156,992,1295,1179,1153
5649,229,317,706,479,721,749
5650,971,1149,1033,1327,1283,1355
5651,499,600,673,665,764,941
5652,746,996,834,1223,1177,1238
5653,677,561,850,1081,811,1109
5654,919,1158,1051,1528,1412,1176
5655,1219,969,1057,1446,1233,1461
5656,1620,1733,1645,1492,1624,1895
5661,3254,2198,1964,2206,2195,1982
5663,2886,2788,2260,2700,3183,3138
5665,2407,2986,2662,2166,2259,2705
5669,2192,1756,2196,2361,2284,2490
5671,1887,2369,1929,2056,2185,2425
5673,1674,2159,2163,1767,1874,2584
5674,1956,2125,2254,2670,2230,2338
5675,1775,2215,2367,2303,2536,2665
5678,2598,2669,3078,1981,2446,2773
5680,2993,2117,2072,2169,2144,2124
5683,1742,2514,1911,2040,2074,2124
5684,1901,2892,3066,2390,2811,2386
5688,1687,2820,1780,2172,2152,1887
5690,2763,2195,2865,2800,2897,2845
5692,1705,1798,2190,1905,2815,2105
5693,2716,2202,2157,2254,2270,2148
5701,1267,994,1248,1528,980,1399
5702,1812,2197,1769,1924,2527,2277
5703,1473,1430,1804,2188,1531,1938
5704,875,1206,832,1590,933,1340
5705,384,657,1352,1075,946,902
5706,1141,868,1249,1559,981,1430
5707,156,429,847,1124,718,674
5708,685,1376,1247,1203,1404,958
5709,1080,807,1270,1002,1448,1319
5710,892,998,624,725,1382,1132
5711,352,1093,576,964,920,1121
5712,709,1450,933,1321,1277,1478
5713,946,1170,1375,1678,1549,1107
5714,685,958,1323,1376,1247,1203
5715,1099,1223,950,831,1589,1591
5716,995,722,1083,815,1363,1234
5717,568,792,1309,1180,1487,1136
5718,1347,1361,1079,1088,1837,1729
5719,1064,1254,791,986,1432,1744
5720,1287,1469,1014,1201,1959,1655
5721,647,863,379,590,1137,887
5722,892,1082,619,814,1260,1131
5723,738,1743,1350,1306,1507,962
5724,1119,1207,846,939,1697,1487
5725,1486,1293,1213,1025,1783,1854
5726,871,1144,1611,1562,1433,1389
5727,1812,2002,1539,1734,2492,2180
5728,733,923,460,655,1101,972
5729,692,1433,1304,1260,916,1461
5730,981,1171,708,903,1661,1349
5731,1529,1519,2029,2367,1756,2117
5732,795,901,527,628,1285,1035
5741,296,548,943,687,1041,2240
5742,794,718,934,1341,1221,2487
5743,1043,1192,827,1055,1450,1350
5744,262,488,740,879,1138,1233
5745,723,605,889,2492,939,1124
5746,992,602,776,962,897,2199
5747,757,927,1143,1439,1430,1670
5748,455,707,1137,846,1105,1200
5749,666,450,401,636,1873,674
5750,205,887,457,596,855,950
5752,637,1319,889,1028,1287,1527
5754,1728,1046,1298,1437,1696,1936
5755,208,585,460,599,858,953
5756,198,504,598,947,952,857
5757,431,623,647,906,2200,1001
5758,2005,1323,2006,1575,2370,1714
5759,1380,698,950,1089,1348,1588
5760,389,523,605,892,2158,932
5761,867,1549,1119,1258,1517,1757
5762,273,553,664,948,1018,2217
5763,261,541,477,831,2030,804
5764,539,1002,1123,1262,1521,1761
5765,1311,1046,1298,1696,1437,1936
5766,741,1081,976,2373,998,1162
5785,1472,1565,1957,1672,1916,1937
5790,932,1769,1507,1003,1406,1931
5792,1139,1232,1339,1624,1495,1531
5798,1581,1674,2066,1781,1939,2046
5799,1225,1246,1409,1637,1787,2122
5803,1977,1953,2525,2177,2411,1974
5804,1264,1749,1729,1357,1464,1543
5805,1573,1685,1932,1664,1561,1848
5806,1491,1613,1675,1512,2098,2053
5812,1564,2132,2234,2459,2758,2362
5813,1782,1454,2914,3229,3242,3191
5816,1415,1919,1040,2435,2203,2210
5817,1473,1062,2039,2522,2846,2764
5819,1821,1381,2726,2291,2533,2460
5821,1559,993,1255,3018,3069,3129
5822,1250,810,1709,2433,2150,2230
5827,1647,1207,2208,2401,2106,1925
5828,1395,2065,2596,1963,2297,3093
5830,1975,1535,2677,2484,2067,2236
5831,1911,1227,2623,2428,2816,2370
5841,2535,2675,3496,2755,3896,2944
5842,2878,3278,1917,3489,3641,2057
5843,3150,3290,3559,3370,3939,3770
5851,886,513,636,562,1078,702
5852,445,724,1203,1432,1159,953
5853,486,375,1334,1083,1084,810
5854,1033,1023,1769,1871,1496,1621
5855,890,711,1515,1469,1242,1219
5856,739,1587,983,1337,1263,1691
5857,421,473,1269,1181,1019,945
5858,562,755,1103,1487,830,1237
5859,134,982,378,732,658,1086
5860,479,1212,723,962,888,1404
5861,338,1218,582,1290,968,894
5862,305,1153,549,1257,903,829
5863,398,591,1106,1439,833,1189
5871,1689,1637,2527,2287,1889,3140
5872,3175,2385,3930,3419,3680,3606
5873,1868,2289,3693,3703,3090,2850
5882,1022,779,815,1057,1266,1164
5883,1039,796,688,930,1283,1546
5884,1192,593,853,835,1451,1277
5885,1213,812,970,964,1457,1355
5886,1129,1480,1358,1249,1218,1074
5889,1285,763,1023,1005,1528,1447
5890,1210,733,967,975,1591,1454
5891,1256,1372,1607,1376,1088,1345
5892,661,1034,854,1267,772,983
5902,1847,762,807,954,859,1140
5903,2778,1693,1738,1790,1885,2118
5904,492,2124,907,727,913,1135
5905,464,818,2096,699,885,1046
5907,1740,2308,2707,3006,2410,2538
5908,2395,1827,2284,2583,2187,2497
5909,2439,1281,1450,1367,1514,1749
5910,2185,1100,1197,1145,1292,1496
5911,2238,1153,1250,1198,1549,1345
5912,2330,2102,2005,1762,2401,2050
5913,2542,1457,1554,1502,1649,1853
5914,1877,837,792,1047,1170,889
5919,344,542,2113,560,572,777
5921,2458,2032,1935,1890,2331,1980
5922,242,1874,472,895,663,996
5923,2775,1735,1690,1601,1787,1581
5924,601,653,2233,1169,1022,1234
5925,2537,1497,1452,1549,1619,1639
5926,1911,826,923,871,1018,1222
5928,1654,2436,2222,2735,2267,2393
5929,1126,2196,910,1111,1096,930
5930,502,642,2274,718,730,877
5931,699,2403,868,860,1076,1088
5932,2170,1085,1130,1182,1277,1389
5933,354,523,1986,922,775,1108
5934,1926,841,886,938,1033,1219
5935,2483,1495,1398,1794,1443,1590
5937,990,1018,2622,1414,1331,1411
5938,1933,700,869,1028,881,1214
5939,1905,2204,2133,1565,1736,2701
6002,354,445,494,503,664,601
6004,587,1403,937,924,1122,1104
6007,710,636,484,633,794,731
6008,101,219,270,471,632,574
6009,2619,2491,2670,2871,3032,2969
6010,317,445,496,697,858,795
6011,4135,4007,4186,4387,4548,4485
6021,576,574,749,1678,1291,968
6022,654,792,1371,965,1894,1048
6023,604,641,1570,756,1427,1414
6024,1660,1729,1950,2587,2621,2298
6025,628,665,1594,780,1451,1438
6032,2991,3085,3188,3415,3754,3524
6033,2521,2615,2718,2945,3284,3054
6034,1923,2017,2120,2347,2456,2686
6035,1256,1350,1453,1680,1789,2019
6037,1945,1748,2172,1842,2511,2496
6052,3213,3287,3061,3210,3371,3838
6054,3452,3526,3300,3449,3610,3547
6056,2565,2639,2413,2562,2723,3190
6057,2337,2411,2185,2334,2495,2962
6058,2712,2786,2560,2709,3337,2870
6061,1959,2033,1807,1956,2117,2584
6076,3981,3640,3565,3589,4741,4494
6077,3418,3492,4294,3266,3959,3415
6082,1980,1549,1824,1512,1697,1649
6083,3234,2874,3078,2837,2951,2974
6084,1804,2164,1767,2008,1904,1881
6087,2410,2050,2013,2254,2127,2150
6089,1656,1296,1259,1500,1396,1373
6090,2091,1731,1935,1694,1808,1831
6101,621,782,1005,984,1132,1505
6102,1564,1548,1709,1691,1911,2432
6104,920,1081,1283,1804,1898,2810
6109,1362,1346,1489,1507,1709,2230
6110,629,790,1005,992,1132,1513
6111,1781,1765,1926,1908,2128,2649
6112,1372,1533,1735,2350,2256,3262
6113,518,681,1066,1227,1013,1429
6116,923,1050,907,1068,1270,1791
6117,1576,1737,1592,1939,1719,2460
6118,297,326,528,1049,2055,1413
6119,268,429,631,1214,1152,2158
6131,728,822,925,1152,1261,1392
6133,955,647,777,731,1045,1176
6134,1023,1431,1835,1416,2345,1512
6135,346,1063,765,750,740,870
6136,784,590,815,850,974,1105
6137,317,411,514,850,741,981
6139,326,1138,734,719,815,945
6140,629,1231,1037,908,1038,1306
6141,1034,583,711,841,991,1109
6142,1253,1347,1450,1786,1917,1677
6151,2362,2394,2174,2312,2750,2995
6152,654,516,1092,736,704,777
6153,890,752,972,992,1380,1065
6154,1237,1007,1407,1758,1484,1496
6155,2003,2173,2524,2262,1773,2293
6156,1318,1538,1456,1506,1894,1579
6157,1984,1764,1952,1902,2340,2585
6158,1018,938,703,800,1020,988
6159,1070,952,1187,1049,1470,1269
6172,1812,1886,1660,1809,1970,1907
6173,886,960,734,883,1044,981
6177,1883,1957,1731,1880,2041,1978
6181,1423,1497,1271,1420,1581,1518
6191,876,1913,1119,1447,1434,1289
6192,2484,3005,2282,2253,3590,4011
6193,1461,1788,2057,1415,1958,2134
6194,1637,1435,1274,2041,2637,1995
6195,1471,1442,1673,2194,3200,2558
6197,1695,1897,1666,2418,3424,2782
6198,355,383,559,842,1848,1206
6199,185,355,483,531,1489,847
6201,2039,1837,1639,1676,2240,1593
6202,2108,1906,1877,2629,3635,2993
6203,1214,1288,1062,1211,1372,1309
6204,337,308,539,1060,2066,1424
6205,2328,2402,2176,2325,2486,2953
6211,640,1169,819,1042,1044,1045
6212,1141,915,1014,1017,1094,1319
6213,495,1024,674,899,897,900
6214,2089,2183,2622,2286,2753,2978
6215,308,528,446,744,1156,1377
6217,431,405,630,768,1107,1478
6218,1459,1265,1567,1487,1698,1923
6219,1069,875,935,938,1114,1339
6220,1419,1203,983,1121,2052,1831
6232,800,673,869,1322,1285,1686
6235,556,719,830,1526,1283,1687
6238,1197,1159,1070,1307,1270,1407
6239,1710,1672,1583,2112,2075,2212
6240,1527,1489,1400,1942,1905,2042
6246,1130,989,1168,952,1041,1089
6248,700,537,843,1546,1296,1707
6252,1639,1780,2666,2112,2827,2565
6253,2055,1928,2017,2470,2433,2941
6254,881,1044,1326,1790,1779,1951
6261,2251,1820,1783,2095,1968,1920
6263,1843,1412,1375,1687,1560,1512
6265,1298,1672,1229,1503,1516,1389
6266,801,1383,764,901,1227,1100
6267,1951,1882,2568,2172,2843,2412
6281,236,1198,732,719,771,899
6282,1208,1850,1429,1768,1551,2095
6283,1538,2180,2098,2425,2595,1759
6285,2485,3127,3045,3372,2706,3542
6286,338,668,817,611,518,744
6287,2517,3159,3404,3574,3750,3077
6288,2968,3615,3189,3311,3528,3537
6289,1944,2591,2165,2287,2504,2513
6290,2612,3254,2833,2955,3172,3181
6291,2428,3070,2649,2771,2988,2997
6292,1707,2354,2594,2267,2764,2940
6293,734,1376,1294,955,1621,1077
6294,1089,1736,1310,1649,1432,1976
6295,2816,3458,3703,4049,3873,3376
6296,1552,2199,2112,2439,1773,2609
6297,1015,373,523,594,716,850
6298,1443,2090,1664,1662,1786,2012
6299,1951,1304,1350,1525,1677,1647
6300,3014,3656,3901,4247,4071,3574
6404,302,220,288,362,758,466
6408,391,309,314,796,388,492
6413,775,857,818,839,1323,901
6416,211,206,293,397,288,399
6417,514,466,384,389,335,382
6421,343,463,910,707,852,1077
6422,1234,1153,1273,1517,1662,1887
6423,920,1060,915,548,671,1285
6432,3148,3377,3322,1950,2856,3289
6433,1695,2161,1613,1656,1680,1987
6434,1537,2628,3094,2541,2920,1886
6435,1261,2178,2091,2644,2096,2139
6436,548,1304,1424,1813,1668,2038
6437,1340,1750,2216,1668,1711,1663
6451,385,275,212,208,309,434
6452,187,280,314,495,422,648
6453,848,755,847,882,780,1006
6454,301,460,653,772,695,690
6455,279,254,347,562,715,489
6456,640,754,805,1020,1173,947
6458,285,401,454,793,423,526
6459,446,485,565,644,769,718
6461,252,371,635,552,575,524
6487,388,618,798,589,742,1093
6504,2599,2834,2718,2596,4231,2834
6511,3505,3270,3334,3490,4902,2750
6512,2528,2996,2342,2829,2516,4351
6601,707,979,1000,1648,1251,1027
6602,3369,3469,3592,3510,3410,3659
6603,1622,1177,1470,1449,1509,1613
6604,2187,1292,1585,1624,1728,1836
6605,629,803,907,921,1015,991
6606,321,506,462,663,646,1182
6607,353,646,685,789,897,625
6608,686,475,558,771,925,995
6609,969,1738,1262,1241,1306,1405
6610,726,950,1706,1458,1329,1285
6611,1521,1493,1786,1825,1934,1765
6612,1731,1715,1704,2172,2213,2113
6613,1891,1723,1712,1724,1894,2232
6614,2626,2726,2767,2444,2667,2583
6615,813,825,851,1052,1035,1344
6616,2642,2742,2783,2683,2932,2460
6617,1871,1971,2012,1689,1912,1828
6618,311,631,643,747,855,583
6619,2999,3099,3140,3040,3222,3289
6620,635,1621,1893,1914,1941,2007
6621,777,1249,1000,916,1229,1059
6622,616,801,757,958,941,1210
6623,406,464,665,434,648,1184
6624,3238,3338,3379,3279,3461,3056
6625,4115,3892,4284,3992,4033,3933
6626,3258,2896,3066,2837,3076,2749
6627,980,1085,1259,1368,1471,2066
6628,484,433,317,574,877,802
6629,2887,2987,3028,2928,3177,2705
6630,548,531,760,590,741,687
6631,375,827,811,668,802,647
6632,106,280,501,389,492,571
6633,396,632,484,935,640,710
6634,449,634,590,791,774,1310
6635,2830,2733,2694,2586,2903,2674
6636,2421,2285,2177,2324,2073,2494
6637,1143,1140,1438,1412,1465,1684
6638,1239,1008,1235,991,1220,1050
6639,1067,1128,1241,1350,1453,1400
6640,1763,1460,1449,1437,1893,1664
6641,902,913,1216,1029,1185,1255
6642,2218,2318,2359,2036,2259,2175
6643,632,730,858,959,789,1470
6644,1024,1209,1165,1539,1366,1349
6645,1345,1356,1659,1602,1756,1826
6702,137,746,357,994,844,633
6703,1530,1405,1556,1972,1749,1538
6704,882,725,703,944,978,1144
6706,947,1549,1222,1304,1388,1516
6708,644,466,399,741,907,585
6709,730,485,697,671,898,1064
6710,660,444,506,699,672,1066
6711,584,373,435,628,601,829
6712,853,634,642,800,897,979
6713,1594,1839,1780,1806,1946,2280
6715,1275,2008,1550,1716,1763,1844
6716,1237,1482,1423,1589,1449,1768
6718,1297,1542,1483,1649,1828,1509
6719,1553,1739,1798,1905,2084,2432
6721,860,616,841,678,1116,1282
6722,997,1217,1558,2327,2141,2269
6724,971,726,938,912,1139,1078
6729,778,518,738,876,665,1375
6730,1165,951,920,1226,1392,1106
6741,1971,2059,1992,2495,2344,2358
6742,1536,1656,1900,2006,2045,2270
6743,1877,1789,1810,2176,2057,2552
6745,2093,2244,1585,2458,1365,2479
6748,1309,1437,1504,1495,1803,1684
6750,1731,1859,1419,1917,1926,1639
6751,2291,2012,2312,1504,2163,1284
6753,2118,2206,2139,2505,2956,2805
6754,2304,2184,2596,2508,2529,2895
6757,1934,2022,1955,2772,2321,2621
6758,869,1089,1726,1597,2594,1430
6759,2023,2174,1547,2291,1875,2152
6771,561,780,512,756,663,902
6773,2033,1814,1703,1705,1765,1916
6774,427,676,912,1110,1338,1244
6775,1738,1519,1470,1860,2000,1811
6778,328,564,454,990,762,896
6781,1213,994,945,1159,1096,1285
6782,560,514,699,431,809,1266
6783,730,982,994,945,856,1043
6784,563,782,514,493,665,788
6785,762,326,534,736,668,947
6789,753,978,1104,1226,998,1132
6790,744,548,697,793,936,1092
6792,836,1349,1309,1475,1081,1215
6800,762,539,690,588,929,887
6806,1132,1351,1083,1424,1473,1234
6807,392,518,826,628,1054,960
6808,379,984,674,1123,1131,855
6809,286,759,971,531,1182,665
6810,1124,1078,1263,1373,1830,995
6811,1545,1479,1326,1481,1277,1428
